ID,group1,group2,batch
CGGA_1001,CGGA325,CGGA325,1
CGGA_1006,CGGA325,CGGA325,1
CGGA_1007,CGGA325,CGGA325,1
CGGA_1011,CGGA325,CGGA325,1
CGGA_1015,CGGA325,CGGA325,1
CGGA_1019,CGGA325,CGGA325,1
CGGA_1022,CGGA325,CGGA325,1
CGGA_1023,CGGA325,CGGA325,1
CGGA_1024,CGGA325,CGGA325,1
CGGA_1026,CGGA325,CGGA325,1
CGGA_1034,CGGA325,CGGA325,1
CGGA_1035,CGGA325,CGGA325,1
CGGA_1039,CGGA325,CGGA325,1
CGGA_1045,CGGA325,CGGA325,1
CGGA_1049,CGGA325,CGGA325,1
CGGA_1052,CGGA325,CGGA325,1
CGGA_1072,CGGA325,CGGA325,1
CGGA_1077,CGGA325,CGGA325,1
CGGA_1078,CGGA325,CGGA325,1
CGGA_1079,CGGA325,CGGA325,1
CGGA_1081,CGGA325,CGGA325,1
CGGA_1083,CGGA325,CGGA325,1
CGGA_1091,CGGA325,CGGA325,1
CGGA_1109,CGGA325,CGGA325,1
CGGA_1124,CGGA325,CGGA325,1
CGGA_1139,CGGA325,CGGA325,1
CGGA_1140,CGGA325,CGGA325,1
CGGA_1145,CGGA325,CGGA325,1
CGGA_1171,CGGA325,CGGA325,1
CGGA_1177,CGGA325,CGGA325,1
CGGA_1180,CGGA325,CGGA325,1
CGGA_1188,CGGA325,CGGA325,1
CGGA_1214,CGGA325,CGGA325,1
CGGA_1216,CGGA325,CGGA325,1
CGGA_1218,CGGA325,CGGA325,1
CGGA_1224,CGGA325,CGGA325,1
CGGA_1234,CGGA325,CGGA325,1
CGGA_1237,CGGA325,CGGA325,1
CGGA_1240,CGGA325,CGGA325,1
CGGA_1251,CGGA325,CGGA325,1
CGGA_1258,CGGA325,CGGA325,1
CGGA_1263,CGGA325,CGGA325,1
CGGA_1270,CGGA325,CGGA325,1
CGGA_1271,CGGA325,CGGA325,1
CGGA_1272,CGGA325,CGGA325,1
CGGA_1280,CGGA325,CGGA325,1
CGGA_1281,CGGA325,CGGA325,1
CGGA_1283,CGGA325,CGGA325,1
CGGA_1284,CGGA325,CGGA325,1
CGGA_1285,CGGA325,CGGA325,1
CGGA_1292,CGGA325,CGGA325,1
CGGA_1299,CGGA325,CGGA325,1
CGGA_1301,CGGA325,CGGA325,1
CGGA_1313,CGGA325,CGGA325,1
CGGA_1320,CGGA325,CGGA325,1
CGGA_1332,CGGA325,CGGA325,1
CGGA_1338,CGGA325,CGGA325,1
CGGA_1340,CGGA325,CGGA325,1
CGGA_1342,CGGA325,CGGA325,1
CGGA_1343,CGGA325,CGGA325,1
CGGA_1346,CGGA325,CGGA325,1
CGGA_1370,CGGA325,CGGA325,1
CGGA_1393,CGGA325,CGGA325,1
CGGA_1408,CGGA325,CGGA325,1
CGGA_1411,CGGA325,CGGA325,1
CGGA_235,CGGA325,CGGA325,1
CGGA_269,CGGA325,CGGA325,1
CGGA_272,CGGA325,CGGA325,1
CGGA_274,CGGA325,CGGA325,1
CGGA_276,CGGA325,CGGA325,1
CGGA_309,CGGA325,CGGA325,1
CGGA_318,CGGA325,CGGA325,1
CGGA_323,CGGA325,CGGA325,1
CGGA_330,CGGA325,CGGA325,1
CGGA_413,CGGA325,CGGA325,1
CGGA_426,CGGA325,CGGA325,1
CGGA_448,CGGA325,CGGA325,1
CGGA_483,CGGA325,CGGA325,1
CGGA_488,CGGA325,CGGA325,1
CGGA_493,CGGA325,CGGA325,1
CGGA_494,CGGA325,CGGA325,1
CGGA_495,CGGA325,CGGA325,1
CGGA_499,CGGA325,CGGA325,1
CGGA_525,CGGA325,CGGA325,1
CGGA_541,CGGA325,CGGA325,1
CGGA_564,CGGA325,CGGA325,1
CGGA_565,CGGA325,CGGA325,1
CGGA_578,CGGA325,CGGA325,1
CGGA_599,CGGA325,CGGA325,1
CGGA_604,CGGA325,CGGA325,1
CGGA_616,CGGA325,CGGA325,1
CGGA_624,CGGA325,CGGA325,1
CGGA_630,CGGA325,CGGA325,1
CGGA_633,CGGA325,CGGA325,1
CGGA_638,CGGA325,CGGA325,1
CGGA_643,CGGA325,CGGA325,1
CGGA_658,CGGA325,CGGA325,1
CGGA_659,CGGA325,CGGA325,1
CGGA_661,CGGA325,CGGA325,1
CGGA_669,CGGA325,CGGA325,1
CGGA_676,CGGA325,CGGA325,1
CGGA_678,CGGA325,CGGA325,1
CGGA_679,CGGA325,CGGA325,1
CGGA_680,CGGA325,CGGA325,1
CGGA_681,CGGA325,CGGA325,1
CGGA_700,CGGA325,CGGA325,1
CGGA_727,CGGA325,CGGA325,1
CGGA_731,CGGA325,CGGA325,1
CGGA_732,CGGA325,CGGA325,1
CGGA_766,CGGA325,CGGA325,1
CGGA_773,CGGA325,CGGA325,1
CGGA_782,CGGA325,CGGA325,1
CGGA_789,CGGA325,CGGA325,1
CGGA_791,CGGA325,CGGA325,1
CGGA_796,CGGA325,CGGA325,1
CGGA_802,CGGA325,CGGA325,1
CGGA_804,CGGA325,CGGA325,1
CGGA_807,CGGA325,CGGA325,1
CGGA_808,CGGA325,CGGA325,1
CGGA_837,CGGA325,CGGA325,1
CGGA_842,CGGA325,CGGA325,1
CGGA_848,CGGA325,CGGA325,1
CGGA_850,CGGA325,CGGA325,1
CGGA_859,CGGA325,CGGA325,1
CGGA_871,CGGA325,CGGA325,1
CGGA_876,CGGA325,CGGA325,1
CGGA_878,CGGA325,CGGA325,1
CGGA_902,CGGA325,CGGA325,1
CGGA_D02,CGGA325,CGGA325,1
CGGA_D03,CGGA325,CGGA325,1
CGGA_D06,CGGA325,CGGA325,1
CGGA_D09,CGGA325,CGGA325,1
CGGA_D11,CGGA325,CGGA325,1
CGGA_D16,CGGA325,CGGA325,1
CGGA_D18,CGGA325,CGGA325,1
CGGA_D26,CGGA325,CGGA325,1
CGGA_D32,CGGA325,CGGA325,1
CGGA_D35,CGGA325,CGGA325,1
CGGA_D36,CGGA325,CGGA325,1
CGGA_D37,CGGA325,CGGA325,1
CGGA_D44,CGGA325,CGGA325,1
CGGA_D51,CGGA325,CGGA325,1
CGGA_D57,CGGA325,CGGA325,1
CGGA_D58,CGGA325,CGGA325,1
CGGA_342,CGGA325,CGGA325,1
CGGA_719,CGGA325,CGGA325,1
CGGA_J030,CGGA325,CGGA325,1
CGGA_J130,CGGA325,CGGA325,1
CGGA_1005,CGGA325,CGGA325,1
CGGA_1013,CGGA325,CGGA325,1
CGGA_1020,CGGA325,CGGA325,1
CGGA_1027,CGGA325,CGGA325,1
CGGA_1031,CGGA325,CGGA325,1
CGGA_1046,CGGA325,CGGA325,1
CGGA_1050,CGGA325,CGGA325,1
CGGA_1060,CGGA325,CGGA325,1
CGGA_1061,CGGA325,CGGA325,1
CGGA_1068,CGGA325,CGGA325,1
CGGA_1094,CGGA325,CGGA325,1
CGGA_1105,CGGA325,CGGA325,1
CGGA_1113,CGGA325,CGGA325,1
CGGA_1129,CGGA325,CGGA325,1
CGGA_1136,CGGA325,CGGA325,1
CGGA_1146,CGGA325,CGGA325,1
CGGA_1160,CGGA325,CGGA325,1
CGGA_1170,CGGA325,CGGA325,1
CGGA_1175,CGGA325,CGGA325,1
CGGA_1189,CGGA325,CGGA325,1
CGGA_1190,CGGA325,CGGA325,1
CGGA_1215,CGGA325,CGGA325,1
CGGA_1219,CGGA325,CGGA325,1
CGGA_1227,CGGA325,CGGA325,1
CGGA_1231,CGGA325,CGGA325,1
CGGA_1287,CGGA325,CGGA325,1
CGGA_1307,CGGA325,CGGA325,1
CGGA_1314,CGGA325,CGGA325,1
CGGA_1322,CGGA325,CGGA325,1
CGGA_1324,CGGA325,CGGA325,1
CGGA_1329,CGGA325,CGGA325,1
CGGA_1330,CGGA325,CGGA325,1
CGGA_1374,CGGA325,CGGA325,1
CGGA_1375,CGGA325,CGGA325,1
CGGA_1381,CGGA325,CGGA325,1
CGGA_1384,CGGA325,CGGA325,1
CGGA_1388,CGGA325,CGGA325,1
CGGA_1394,CGGA325,CGGA325,1
CGGA_1406,CGGA325,CGGA325,1
CGGA_1409,CGGA325,CGGA325,1
CGGA_1412,CGGA325,CGGA325,1
CGGA_171,CGGA325,CGGA325,1
CGGA_236,CGGA325,CGGA325,1
CGGA_241,CGGA325,CGGA325,1
CGGA_245,CGGA325,CGGA325,1
CGGA_251,CGGA325,CGGA325,1
CGGA_252,CGGA325,CGGA325,1
CGGA_254,CGGA325,CGGA325,1
CGGA_256,CGGA325,CGGA325,1
CGGA_261,CGGA325,CGGA325,1
CGGA_267,CGGA325,CGGA325,1
CGGA_273,CGGA325,CGGA325,1
CGGA_283,CGGA325,CGGA325,1
CGGA_300,CGGA325,CGGA325,1
CGGA_314,CGGA325,CGGA325,1
CGGA_333,CGGA325,CGGA325,1
CGGA_337,CGGA325,CGGA325,1
CGGA_374,CGGA325,CGGA325,1
CGGA_400,CGGA325,CGGA325,1
CGGA_431,CGGA325,CGGA325,1
CGGA_446,CGGA325,CGGA325,1
CGGA_458,CGGA325,CGGA325,1
CGGA_479,CGGA325,CGGA325,1
CGGA_485,CGGA325,CGGA325,1
CGGA_490,CGGA325,CGGA325,1
CGGA_491,CGGA325,CGGA325,1
CGGA_501,CGGA325,CGGA325,1
CGGA_502,CGGA325,CGGA325,1
CGGA_510,CGGA325,CGGA325,1
CGGA_538,CGGA325,CGGA325,1
CGGA_543,CGGA325,CGGA325,1
CGGA_545,CGGA325,CGGA325,1
CGGA_551,CGGA325,CGGA325,1
CGGA_560,CGGA325,CGGA325,1
CGGA_580,CGGA325,CGGA325,1
CGGA_591,CGGA325,CGGA325,1
CGGA_598,CGGA325,CGGA325,1
CGGA_601,CGGA325,CGGA325,1
CGGA_603,CGGA325,CGGA325,1
CGGA_605,CGGA325,CGGA325,1
CGGA_607,CGGA325,CGGA325,1
CGGA_632,CGGA325,CGGA325,1
CGGA_635,CGGA325,CGGA325,1
CGGA_641,CGGA325,CGGA325,1
CGGA_642,CGGA325,CGGA325,1
CGGA_655,CGGA325,CGGA325,1
CGGA_662,CGGA325,CGGA325,1
CGGA_666,CGGA325,CGGA325,1
CGGA_671,CGGA325,CGGA325,1
CGGA_675,CGGA325,CGGA325,1
CGGA_685,CGGA325,CGGA325,1
CGGA_689,CGGA325,CGGA325,1
CGGA_694,CGGA325,CGGA325,1
CGGA_698,CGGA325,CGGA325,1
CGGA_704,CGGA325,CGGA325,1
CGGA_710,CGGA325,CGGA325,1
CGGA_715,CGGA325,CGGA325,1
CGGA_725,CGGA325,CGGA325,1
CGGA_747,CGGA325,CGGA325,1
CGGA_752,CGGA325,CGGA325,1
CGGA_757,CGGA325,CGGA325,1
CGGA_760,CGGA325,CGGA325,1
CGGA_761,CGGA325,CGGA325,1
CGGA_762,CGGA325,CGGA325,1
CGGA_785,CGGA325,CGGA325,1
CGGA_812,CGGA325,CGGA325,1
CGGA_815,CGGA325,CGGA325,1
CGGA_818,CGGA325,CGGA325,1
CGGA_822,CGGA325,CGGA325,1
CGGA_834,CGGA325,CGGA325,1
CGGA_835,CGGA325,CGGA325,1
CGGA_838,CGGA325,CGGA325,1
CGGA_843,CGGA325,CGGA325,1
CGGA_856,CGGA325,CGGA325,1
CGGA_858,CGGA325,CGGA325,1
CGGA_864,CGGA325,CGGA325,1
CGGA_884,CGGA325,CGGA325,1
CGGA_892,CGGA325,CGGA325,1
CGGA_893,CGGA325,CGGA325,1
CGGA_898,CGGA325,CGGA325,1
CGGA_899,CGGA325,CGGA325,1
CGGA_904,CGGA325,CGGA325,1
CGGA_905,CGGA325,CGGA325,1
CGGA_908,CGGA325,CGGA325,1
CGGA_909,CGGA325,CGGA325,1
CGGA_D04,CGGA325,CGGA325,1
CGGA_D07,CGGA325,CGGA325,1
CGGA_D14,CGGA325,CGGA325,1
CGGA_D15,CGGA325,CGGA325,1
CGGA_D20,CGGA325,CGGA325,1
CGGA_D21,CGGA325,CGGA325,1
CGGA_D24,CGGA325,CGGA325,1
CGGA_D27,CGGA325,CGGA325,1
CGGA_D29,CGGA325,CGGA325,1
CGGA_D33,CGGA325,CGGA325,1
CGGA_D34,CGGA325,CGGA325,1
CGGA_D38,CGGA325,CGGA325,1
CGGA_D39,CGGA325,CGGA325,1
CGGA_D40,CGGA325,CGGA325,1
CGGA_D45,CGGA325,CGGA325,1
CGGA_D46,CGGA325,CGGA325,1
CGGA_D47,CGGA325,CGGA325,1
CGGA_D48,CGGA325,CGGA325,1
CGGA_D52,CGGA325,CGGA325,1
CGGA_D56,CGGA325,CGGA325,1
CGGA_D59,CGGA325,CGGA325,1
CGGA_277,CGGA325,CGGA325,1
CGGA_518,CGGA325,CGGA325,1
CGGA_J023,CGGA325,CGGA325,1
CGGA_J024,CGGA325,CGGA325,1
CGGA_J042,CGGA325,CGGA325,1
CGGA_J100,CGGA325,CGGA325,1
CGGA_1004,CGGA325,CGGA325,1
CGGA_1008,CGGA325,CGGA325,1
CGGA_1053,CGGA325,CGGA325,1
CGGA_1059,CGGA325,CGGA325,1
CGGA_1070,CGGA325,CGGA325,1
CGGA_1071,CGGA325,CGGA325,1
CGGA_1073,CGGA325,CGGA325,1
CGGA_1074,CGGA325,CGGA325,1
CGGA_1095,CGGA325,CGGA325,1
CGGA_1099,CGGA325,CGGA325,1
CGGA_1114,CGGA325,CGGA325,1
CGGA_1116,CGGA325,CGGA325,1
CGGA_1118,CGGA325,CGGA325,1
CGGA_1119,CGGA325,CGGA325,1
CGGA_1197,CGGA325,CGGA325,1
CGGA_1246,CGGA325,CGGA325,1
CGGA_1275,CGGA325,CGGA325,1
CGGA_1450,CGGA325,CGGA325,1
CGGA_1460,CGGA325,CGGA325,1
CGGA_1475,CGGA325,CGGA325,1
CGGA_243,CGGA325,CGGA325,1
CGGA_247,CGGA325,CGGA325,1
CGGA_738,CGGA325,CGGA325,1
CGGA_759,CGGA325,CGGA325,1
CGGA_D30,CGGA325,CGGA325,1
CGGA_11,CGGA301,CGGA301,2
CGGA_124,CGGA301,CGGA301,2
CGGA_126,CGGA301,CGGA301,2
CGGA_168,CGGA301,CGGA301,2
CGGA_172,CGGA301,CGGA301,2
CGGA_195,CGGA301,CGGA301,2
CGGA_203,CGGA301,CGGA301,2
CGGA_221,CGGA301,CGGA301,2
CGGA_225,CGGA301,CGGA301,2
CGGA_240,CGGA301,CGGA301,2
CGGA_287,CGGA301,CGGA301,2
CGGA_292,CGGA301,CGGA301,2
CGGA_370,CGGA301,CGGA301,2
CGGA_373,CGGA301,CGGA301,2
CGGA_375,CGGA301,CGGA301,2
CGGA_377,CGGA301,CGGA301,2
CGGA_380,CGGA301,CGGA301,2
CGGA_404,CGGA301,CGGA301,2
CGGA_419,CGGA301,CGGA301,2
CGGA_437,CGGA301,CGGA301,2
CGGA_439,CGGA301,CGGA301,2
CGGA_442,CGGA301,CGGA301,2
CGGA_444,CGGA301,CGGA301,2
CGGA_451,CGGA301,CGGA301,2
CGGA_454,CGGA301,CGGA301,2
CGGA_512,CGGA301,CGGA301,2
CGGA_527,CGGA301,CGGA301,2
CGGA_547,CGGA301,CGGA301,2
CGGA_549,CGGA301,CGGA301,2
CGGA_557,CGGA301,CGGA301,2
CGGA_570,CGGA301,CGGA301,2
CGGA_573,CGGA301,CGGA301,2
CGGA_575,CGGA301,CGGA301,2
CGGA_588,CGGA301,CGGA301,2
CGGA_593,CGGA301,CGGA301,2
CGGA_594,CGGA301,CGGA301,2
CGGA_597,CGGA301,CGGA301,2
CGGA_606,CGGA301,CGGA301,2
CGGA_609,CGGA301,CGGA301,2
CGGA_612,CGGA301,CGGA301,2
CGGA_640,CGGA301,CGGA301,2
CGGA_646,CGGA301,CGGA301,2
CGGA_649,CGGA301,CGGA301,2
CGGA_654,CGGA301,CGGA301,2
CGGA_664,CGGA301,CGGA301,2
CGGA_683,CGGA301,CGGA301,2
CGGA_684,CGGA301,CGGA301,2
CGGA_686,CGGA301,CGGA301,2
CGGA_693,CGGA301,CGGA301,2
CGGA_699,CGGA301,CGGA301,2
CGGA_709,CGGA301,CGGA301,2
CGGA_713,CGGA301,CGGA301,2
CGGA_714,CGGA301,CGGA301,2
CGGA_729,CGGA301,CGGA301,2
CGGA_741,CGGA301,CGGA301,2
CGGA_764,CGGA301,CGGA301,2
CGGA_775,CGGA301,CGGA301,2
CGGA_778,CGGA301,CGGA301,2
CGGA_907,CGGA301,CGGA301,2
CGGA_253,CGGA301,CGGA301,2
CGGA_258,CGGA301,CGGA301,2
CGGA_271,CGGA301,CGGA301,2
CGGA_281,CGGA301,CGGA301,2
CGGA_285,CGGA301,CGGA301,2
CGGA_316,CGGA301,CGGA301,2
CGGA_317,CGGA301,CGGA301,2
CGGA_321,CGGA301,CGGA301,2
CGGA_357,CGGA301,CGGA301,2
CGGA_365,CGGA301,CGGA301,2
CGGA_379,CGGA301,CGGA301,2
CGGA_396,CGGA301,CGGA301,2
CGGA_399,CGGA301,CGGA301,2
CGGA_402,CGGA301,CGGA301,2
CGGA_407,CGGA301,CGGA301,2
CGGA_433,CGGA301,CGGA301,2
CGGA_434,CGGA301,CGGA301,2
CGGA_441,CGGA301,CGGA301,2
CGGA_447,CGGA301,CGGA301,2
CGGA_459,CGGA301,CGGA301,2
CGGA_461,CGGA301,CGGA301,2
CGGA_469,CGGA301,CGGA301,2
CGGA_505,CGGA301,CGGA301,2
CGGA_522,CGGA301,CGGA301,2
CGGA_542,CGGA301,CGGA301,2
CGGA_544,CGGA301,CGGA301,2
CGGA_548,CGGA301,CGGA301,2
CGGA_552,CGGA301,CGGA301,2
CGGA_566,CGGA301,CGGA301,2
CGGA_571,CGGA301,CGGA301,2
CGGA_583,CGGA301,CGGA301,2
CGGA_590,CGGA301,CGGA301,2
CGGA_592,CGGA301,CGGA301,2
CGGA_595,CGGA301,CGGA301,2
CGGA_626,CGGA301,CGGA301,2
CGGA_648,CGGA301,CGGA301,2
CGGA_663,CGGA301,CGGA301,2
CGGA_673,CGGA301,CGGA301,2
CGGA_688,CGGA301,CGGA301,2
CGGA_692,CGGA301,CGGA301,2
CGGA_708,CGGA301,CGGA301,2
CGGA_711,CGGA301,CGGA301,2
CGGA_712,CGGA301,CGGA301,2
CGGA_718,CGGA301,CGGA301,2
CGGA_736,CGGA301,CGGA301,2
CGGA_743,CGGA301,CGGA301,2
CGGA_746,CGGA301,CGGA301,2
CGGA_753,CGGA301,CGGA301,2
CGGA_767,CGGA301,CGGA301,2
CGGA_770,CGGA301,CGGA301,2
CGGA_776,CGGA301,CGGA301,2
CGGA_784,CGGA301,CGGA301,2
CGGA_792,CGGA301,CGGA301,2
CGGA_1046.1,CGGA301,CGGA301,2
CGGA_249,CGGA301,CGGA301,2
CGGA_331,CGGA301,CGGA301,2
CGGA_334,CGGA301,CGGA301,2
CGGA_353,CGGA301,CGGA301,2
CGGA_354,CGGA301,CGGA301,2
CGGA_405,CGGA301,CGGA301,2
CGGA_412,CGGA301,CGGA301,2
CGGA_476,CGGA301,CGGA301,2
CGGA_260,CGGA301,CGGA301,2
CGGA_364,CGGA301,CGGA301,2
CGGA_403,CGGA301,CGGA301,2
CGGA_489,CGGA301,CGGA301,2
CGGA_508,CGGA301,CGGA301,2
CGGA_558,CGGA301,CGGA301,2
CGGA_231,CGGA301,CGGA301,2
CGGA_329,CGGA301,CGGA301,2
CGGA_351,CGGA301,CGGA301,2
CGGA_352,CGGA301,CGGA301,2
CGGA_391,CGGA301,CGGA301,2
CGGA_393,CGGA301,CGGA301,2
CGGA_438,CGGA301,CGGA301,2
CGGA_498,CGGA301,CGGA301,2
CGGA_513,CGGA301,CGGA301,2
CGGA_562,CGGA301,CGGA301,2
CGGA_577,CGGA301,CGGA301,2
CGGA_596,CGGA301,CGGA301,2
CGGA_156,CGGA301,CGGA301,2
CGGA_178,CGGA301,CGGA301,2
CGGA_205,CGGA301,CGGA301,2
CGGA_210,CGGA301,CGGA301,2
CGGA_218,CGGA301,CGGA301,2
CGGA_255,CGGA301,CGGA301,2
CGGA_264,CGGA301,CGGA301,2
CGGA_308,CGGA301,CGGA301,2
CGGA_311,CGGA301,CGGA301,2
CGGA_324,CGGA301,CGGA301,2
CGGA_335,CGGA301,CGGA301,2
CGGA_345,CGGA301,CGGA301,2
CGGA_346,CGGA301,CGGA301,2
CGGA_366,CGGA301,CGGA301,2
CGGA_371,CGGA301,CGGA301,2
CGGA_401,CGGA301,CGGA301,2
CGGA_436,CGGA301,CGGA301,2
CGGA_464,CGGA301,CGGA301,2
CGGA_504,CGGA301,CGGA301,2
CGGA_628,CGGA301,CGGA301,2
CGGA_734,CGGA301,CGGA301,2
CGGA_275,CGGA301,CGGA301,2
CGGA_387,CGGA301,CGGA301,2
CGGA_484,CGGA301,CGGA301,2
CGGA_511,CGGA301,CGGA301,2
CGGA_579,CGGA301,CGGA301,2
CGGA_589,CGGA301,CGGA301,2
CGGA_639,CGGA301,CGGA301,2
CGGA_672,CGGA301,CGGA301,2
CGGA_868,CGGA301,CGGA301,2
CGGA_191,CGGA301,CGGA301,2
CGGA_266,CGGA301,CGGA301,2
CGGA_282,CGGA301,CGGA301,2
CGGA_291,CGGA301,CGGA301,2
CGGA_296,CGGA301,CGGA301,2
CGGA_312,CGGA301,CGGA301,2
CGGA_315,CGGA301,CGGA301,2
CGGA_347,CGGA301,CGGA301,2
CGGA_348,CGGA301,CGGA301,2
CGGA_378,CGGA301,CGGA301,2
CGGA_395,CGGA301,CGGA301,2
CGGA_398,CGGA301,CGGA301,2
CGGA_411,CGGA301,CGGA301,2
CGGA_415,CGGA301,CGGA301,2
CGGA_418,CGGA301,CGGA301,2
CGGA_440,CGGA301,CGGA301,2
CGGA_455,CGGA301,CGGA301,2
CGGA_482,CGGA301,CGGA301,2
CGGA_500,CGGA301,CGGA301,2
CGGA_514,CGGA301,CGGA301,2
CGGA_519,CGGA301,CGGA301,2
CGGA_523,CGGA301,CGGA301,2
CGGA_528,CGGA301,CGGA301,2
CGGA_610,CGGA301,CGGA301,2
CGGA_615,CGGA301,CGGA301,2
CGGA_623,CGGA301,CGGA301,2
CGGA_674,CGGA301,CGGA301,2
CGGA_706,CGGA301,CGGA301,2
CGGA_740,CGGA301,CGGA301,2
CGGA_765,CGGA301,CGGA301,2
CGGA_786,CGGA301,CGGA301,2
CGGA_809,CGGA301,CGGA301,2
CGGA_1069,CGGA301,CGGA301,2
CGGA_652,CGGA301,CGGA301,2
CGGA_420,CGGA301,CGGA301,2
CGGA_474,CGGA301,CGGA301,2
CGGA_232,CGGA301,CGGA301,2
CGGA_259,CGGA301,CGGA301,2
CGGA_406,CGGA301,CGGA301,2
CGGA_492,CGGA301,CGGA301,2
CGGA_530,CGGA301,CGGA301,2
CGGA_831,CGGA301,CGGA301,2
CGGA_869,CGGA301,CGGA301,2
CGGA_D60,CGGA301,CGGA301,2
CGGA_703,CGGA301,CGGA301,2
CGGA_104,CGGA301,CGGA301,2
CGGA_462,CGGA301,CGGA301,2
CGGA_798,CGGA301,CGGA301,2
HF0048_U133P2,CGGA475,CGGA475,3
HF0268_U133P2,CGGA475,CGGA475,3
X00715851_U133P2,CGGA475,CGGA475,3
X03437595_U133P2,CGGA475,CGGA475,3
X03460111_U133P2,CGGA475,CGGA475,3
X03463522_U133P2,CGGA475,CGGA475,3
E09296_U133P2,CGGA475,CGGA475,3
E09398_U133P2,CGGA475,CGGA475,3
E09471_U133P2,CGGA475,CGGA475,3
E09542_U133P2,CGGA475,CGGA475,3
E09673_U133P2,CGGA475,CGGA475,3
E09797_U133P2,CGGA475,CGGA475,3
E09811_U133P2,CGGA475,CGGA475,3
E10025_U133P2,CGGA475,CGGA475,3
E10483_U133P2,CGGA475,CGGA475,3
HF0022_U133P2,CGGA475,CGGA475,3
HF0026_U133P2,CGGA475,CGGA475,3
HF0223_U133P2,CGGA475,CGGA475,3
HF0252_U133P2_2,CGGA475,CGGA475,3
HF0305_U133P2,CGGA475,CGGA475,3
HF0316_U133P2,CGGA475,CGGA475,3
HF0329_U133P2,CGGA475,CGGA475,3
HF0332_U133P2,CGGA475,CGGA475,3
HF0434_U133P2,CGGA475,CGGA475,3
HF0450_U133P2,CGGA475,CGGA475,3
HF0488_U133P2,CGGA475,CGGA475,3
HF0491_U133P2,CGGA475,CGGA475,3
HF0606_U133P2,CGGA475,CGGA475,3
HF0608_U133P2,CGGA475,CGGA475,3
HF0639_U133P2,CGGA475,CGGA475,3
HF0670_U133P2,CGGA475,CGGA475,3
HF0726_U133P2,CGGA475,CGGA475,3
HF0757_U133P2,CGGA475,CGGA475,3
HF0778_U133P2,CGGA475,CGGA475,3
HF0802_U133P2,CGGA475,CGGA475,3
HF0822_U133P2,CGGA475,CGGA475,3
HF0844_U133P2,CGGA475,CGGA475,3
HF0855_U133P2,CGGA475,CGGA475,3
HF0899_U133P2,CGGA475,CGGA475,3
HF0914_U133P2,CGGA475,CGGA475,3
HF0931_U133P2,CGGA475,CGGA475,3
HF0936_U133P2,CGGA475,CGGA475,3
HF0953_U133P2_2,CGGA475,CGGA475,3
HF0982_U133P2,CGGA475,CGGA475,3
HF1000_U133P2,CGGA475,CGGA475,3
HF1156_U133P2,CGGA475,CGGA475,3
HF1235_U133P2,CGGA475,CGGA475,3
HF1246_U133P2,CGGA475,CGGA475,3
HF1316_U133P2,CGGA475,CGGA475,3
HF1319_U133P2,CGGA475,CGGA475,3
HF1325_U133P2,CGGA475,CGGA475,3
HF1334_U133P2,CGGA475,CGGA475,3
HF1344_U133P2,CGGA475,CGGA475,3
HF1345_U133P2,CGGA475,CGGA475,3
HF1366_U133P2,CGGA475,CGGA475,3
HF1380_U133P2,CGGA475,CGGA475,3
HF1381_U133P2,CGGA475,CGGA475,3
HF1407_U133P2,CGGA475,CGGA475,3
HF1442_U133P2,CGGA475,CGGA475,3
HF1489_U133P2,CGGA475,CGGA475,3
HF1511_U133P2,CGGA475,CGGA475,3
HF1551_U133P2,CGGA475,CGGA475,3
HF1568_U133P2,CGGA475,CGGA475,3
HF1588_U133P2,CGGA475,CGGA475,3
HF1606_U133P2,CGGA475,CGGA475,3
HF1677_U133P2,CGGA475,CGGA475,3
HF1708_U133P2,CGGA475,CGGA475,3
E09358_U133P2,CGGA475,CGGA475,3
E09440_U133P2,CGGA475,CGGA475,3
E09688_U133P2,CGGA475,CGGA475,3
HF0183_U133P2,CGGA475,CGGA475,3
X03436958_U133P2,CGGA475,CGGA475,3
X03465304_U133P2,CGGA475,CGGA475,3
X03471616_U133P2,CGGA475,CGGA475,3
E09503_U133P2,CGGA475,CGGA475,3
E09661_U133P2,CGGA475,CGGA475,3
E09699_U133P2,CGGA475,CGGA475,3
E09755_U133P2,CGGA475,CGGA475,3
E09804_U133P2,CGGA475,CGGA475,3
E09860_U133P2,CGGA475,CGGA475,3
E09867_U133P2,CGGA475,CGGA475,3
E09890_U133P2,CGGA475,CGGA475,3
E09937_U133P2,CGGA475,CGGA475,3
E09949_U133P2,CGGA475,CGGA475,3
E10011_U133P2,CGGA475,CGGA475,3
E10021_U133P2,CGGA475,CGGA475,3
E10054_U133P2,CGGA475,CGGA475,3
HF0218_U133P2,CGGA475,CGGA475,3
HF0285_U133P2,CGGA475,CGGA475,3
HF0291_U133P2,CGGA475,CGGA475,3
HF0327_U133P2,CGGA475,CGGA475,3
HF0510_U133P2,CGGA475,CGGA475,3
HF0599_U133P2,CGGA475,CGGA475,3
HF0835_U133P2,CGGA475,CGGA475,3
HF0897_U133P2,CGGA475,CGGA475,3
HF0920_U133P2,CGGA475,CGGA475,3
HF0960_U133P2,CGGA475,CGGA475,3
HF0962_U133P2,CGGA475,CGGA475,3
HF1167_U133P2,CGGA475,CGGA475,3
HF1227_U133P2,CGGA475,CGGA475,3
HF1487_U133P2,CGGA475,CGGA475,3
X03421899_U133P2,CGGA475,CGGA475,3
X03441740_U133P2,CGGA475,CGGA475,3
X03461078_U133P2,CGGA475,CGGA475,3
X03477889_U133P2,CGGA475,CGGA475,3
X03484270_U133P2,CGGA475,CGGA475,3
X547038_U133P2,CGGA475,CGGA475,3
X548457_U133P2,CGGA475,CGGA475,3
X550239_U133P2,CGGA475,CGGA475,3
X550715_U133P2,CGGA475,CGGA475,3
X554082_U133P2,CGGA475,CGGA475,3
X570013_U133P2,CGGA475,CGGA475,3
E09239_U133P2,CGGA475,CGGA475,3
E09393_U133P2,CGGA475,CGGA475,3
E09408_U133P2,CGGA475,CGGA475,3
E09743_U133P2,CGGA475,CGGA475,3
E09801_U133P2,CGGA475,CGGA475,3
E09826_U133P2,CGGA475,CGGA475,3
E09855_U133P2,CGGA475,CGGA475,3
E09914_U133P2,CGGA475,CGGA475,3
E09920_U133P2_2,CGGA475,CGGA475,3
E09948_U133P2,CGGA475,CGGA475,3
E09959_U133P2,CGGA475,CGGA475,3
E09966_U133P2,CGGA475,CGGA475,3
E10062_U133P2,CGGA475,CGGA475,3
E10105_U133P2,CGGA475,CGGA475,3
E10162_U133P2,CGGA475,CGGA475,3
E10615_U133P2,CGGA475,CGGA475,3
E10645_U133P2,CGGA475,CGGA475,3
HF0017_U133P2,CGGA475,CGGA475,3
HF0087_U133P2,CGGA475,CGGA475,3
HF0089_U133P2,CGGA475,CGGA475,3
HF0108_U133P2,CGGA475,CGGA475,3
HF0152_U133P2,CGGA475,CGGA475,3
HF0244_U133P2,CGGA475,CGGA475,3
HF0435_U133P2,CGGA475,CGGA475,3
HF0702_U133P2,CGGA475,CGGA475,3
HF0850_U133P2,CGGA475,CGGA475,3
HF0954.2_U133P2,CGGA475,CGGA475,3
HF0966_U133P2,CGGA475,CGGA475,3
HF0975_U133P2,CGGA475,CGGA475,3
HF1032_U133P2,CGGA475,CGGA475,3
HF1136_U133P2,CGGA475,CGGA475,3
HF1150_U133P2,CGGA475,CGGA475,3
HF1185_U133P2,CGGA475,CGGA475,3
HF1186_U133P2,CGGA475,CGGA475,3
HF1232_U133P2,CGGA475,CGGA475,3
HF1242_U133P2,CGGA475,CGGA475,3
HF1255_U133P2,CGGA475,CGGA475,3
HF1280_U133P2,CGGA475,CGGA475,3
HF1286_U133P2,CGGA475,CGGA475,3
HF1295_U133P2,CGGA475,CGGA475,3
HF1409_U133P2,CGGA475,CGGA475,3
HF1475_U133P2,CGGA475,CGGA475,3
HF1490_U133P2,CGGA475,CGGA475,3
HF1494_U133P2,CGGA475,CGGA475,3
HF1581_U133P2,CGGA475,CGGA475,3
HF1587_U133P2,CGGA475,CGGA475,3
HF1613_U133P2,CGGA475,CGGA475,3
E09334_U133P2,CGGA475,CGGA475,3
E09394_U133P2,CGGA475,CGGA475,3
E09511_U133P2,CGGA475,CGGA475,3
X03480779_U133P2,CGGA475,CGGA475,3
X508984_U133P2,CGGA475,CGGA475,3
X549279_U133P2,CGGA475,CGGA475,3
E08021_U133P2,CGGA475,CGGA475,3
E09419_U133P2,CGGA475,CGGA475,3
E09448_U133P2,CGGA475,CGGA475,3
E09656_U133P2,CGGA475,CGGA475,3
E09681_U133P2,CGGA475,CGGA475,3
E09893_U133P2,CGGA475,CGGA475,3
E09988_U133P2,CGGA475,CGGA475,3
E10001_U133P2,CGGA475,CGGA475,3
HF0184_U133P2,CGGA475,CGGA475,3
HF0251_U133P2,CGGA475,CGGA475,3
HF0460_U133P2,CGGA475,CGGA475,3
HF0816_U133P2,CGGA475,CGGA475,3
HF0828_U133P2,CGGA475,CGGA475,3
HF1057_U133P2,CGGA475,CGGA475,3
HF1090_U133P2,CGGA475,CGGA475,3
HF1357_U133P2,CGGA475,CGGA475,3
HF1458_U133P2,CGGA475,CGGA475,3
HF1493_U133P2,CGGA475,CGGA475,3
HF1502_U133P2,CGGA475,CGGA475,3
HF1702_U133P2,CGGA475,CGGA475,3
X545226_U133P2,CGGA475,CGGA475,3
X602958_U133P2,CGGA475,CGGA475,3
X607103_U133P2,CGGA475,CGGA475,3
X607216_U133P2,CGGA475,CGGA475,3
X608660_U133P2,CGGA475,CGGA475,3
E09137_U133P2,CGGA475,CGGA475,3
E09137B_U133P2,CGGA475,CGGA475,3
E09138_U133P2,CGGA475,CGGA475,3
E09192_U133P2,CGGA475,CGGA475,3
E09214_U133P2,CGGA475,CGGA475,3
E09233_U133P2,CGGA475,CGGA475,3
E09278_U133P2,CGGA475,CGGA475,3
E09278B_U133P2,CGGA475,CGGA475,3
E09331_U133P2,CGGA475,CGGA475,3
E09369_U133P2,CGGA475,CGGA475,3
E09405_U133P2,CGGA475,CGGA475,3
E09449_U133P2,CGGA475,CGGA475,3
E09451_U133P2,CGGA475,CGGA475,3
E09478_U133P2,CGGA475,CGGA475,3
E09483_U133P2,CGGA475,CGGA475,3
E09489_U133P2,CGGA475,CGGA475,3
E09535_U133P2,CGGA475,CGGA475,3
E09569_U133P2,CGGA475,CGGA475,3
E09601_U133P2,CGGA475,CGGA475,3
E09602_U133P2,CGGA475,CGGA475,3
E09605_U133P2,CGGA475,CGGA475,3
E09606_U133P2,CGGA475,CGGA475,3
E09610_U133P2,CGGA475,CGGA475,3
E09615_U133P2,CGGA475,CGGA475,3
E09622_U133P2,CGGA475,CGGA475,3
E09624_U133P2,CGGA475,CGGA475,3
E09647_U133P2,CGGA475,CGGA475,3
E09649_U133P2,CGGA475,CGGA475,3
E09654_U133P2,CGGA475,CGGA475,3
E09655_U133P2,CGGA475,CGGA475,3
E09680_U133P2,CGGA475,CGGA475,3
E09690_U133P2,CGGA475,CGGA475,3
E09698_U133P2,CGGA475,CGGA475,3
E09722_U133P2,CGGA475,CGGA475,3
E09730_U133P2,CGGA475,CGGA475,3
E09740_U133P2,CGGA475,CGGA475,3
E09742_U133P2,CGGA475,CGGA475,3
E09744_U133P2,CGGA475,CGGA475,3
E09752_U133P2,CGGA475,CGGA475,3
E09756_U133P2,CGGA475,CGGA475,3
E09759_U133P2,CGGA475,CGGA475,3
E09782_U133P2,CGGA475,CGGA475,3
E09786_U133P2,CGGA475,CGGA475,3
E09787_U133P2,CGGA475,CGGA475,3
E09791_U133P2,CGGA475,CGGA475,3
E09800_U133P2,CGGA475,CGGA475,3
E09802_U133P2,CGGA475,CGGA475,3
E09810_U133P2,CGGA475,CGGA475,3
E09825_U133P2,CGGA475,CGGA475,3
E09829_U133P2,CGGA475,CGGA475,3
E09832_U133P2,CGGA475,CGGA475,3
E09833_U133P2,CGGA475,CGGA475,3
E09833B_U133P2,CGGA475,CGGA475,3
E09842_U133P2,CGGA475,CGGA475,3
E09847_U133P2,CGGA475,CGGA475,3
E09857_U133P2,CGGA475,CGGA475,3
E09862_U133P2,CGGA475,CGGA475,3
E09906_U133P2,CGGA475,CGGA475,3
E09907_U133P2,CGGA475,CGGA475,3
E09907B_U133P2,CGGA475,CGGA475,3
E09938_U133P2,CGGA475,CGGA475,3
E09967_U133P2,CGGA475,CGGA475,3
E10002_U133P2,CGGA475,CGGA475,3
E10012_U133P2,CGGA475,CGGA475,3
E10031_U133P2,CGGA475,CGGA475,3
E10144_U133P2,CGGA475,CGGA475,3
E10444_U133P2,CGGA475,CGGA475,3
E10462_U133P2,CGGA475,CGGA475,3
E10488_U133P2,CGGA475,CGGA475,3
HF0024_U133P2,CGGA475,CGGA475,3
HF0031_U133P2,CGGA475,CGGA475,3
HF0050_U133P2,CGGA475,CGGA475,3
HF0066_U133P2,CGGA475,CGGA475,3
HF0138_U133P2,CGGA475,CGGA475,3
HF0142_U133P2,CGGA475,CGGA475,3
HF0180_U133P2,CGGA475,CGGA475,3
HF0212_U133P2,CGGA475,CGGA475,3
HF0300.3_U133P2,CGGA475,CGGA475,3
HF0408_U133P2,CGGA475,CGGA475,3
HF0442.5_U133P2,CGGA475,CGGA475,3
HF0445_U133P2,CGGA475,CGGA475,3
HF0505_U133P2,CGGA475,CGGA475,3
HF0520_U133P2,CGGA475,CGGA475,3
HF0543_U133P2,CGGA475,CGGA475,3
HF0583_U133P2,CGGA475,CGGA475,3
HF0627_U133P2,CGGA475,CGGA475,3
HF0654_U133P2,CGGA475,CGGA475,3
HF0790_U133P2,CGGA475,CGGA475,3
HF0891_U133P2,CGGA475,CGGA475,3
HF0894_U133P2,CGGA475,CGGA475,3
HF0963_U133P2,CGGA475,CGGA475,3
HF0986_U133P2,CGGA475,CGGA475,3
HF0990_U133P2,CGGA475,CGGA475,3
HF0992_U133P2,CGGA475,CGGA475,3
HF0996_U133P2,CGGA475,CGGA475,3
HF1058_U133P2,CGGA475,CGGA475,3
HF1077_U133P2,CGGA475,CGGA475,3
HF1078_U133P2,CGGA475,CGGA475,3
HF1097_U133P2,CGGA475,CGGA475,3
HF1122_U133P2,CGGA475,CGGA475,3
HF1137_U133P2,CGGA475,CGGA475,3
HF1139_U133P2,CGGA475,CGGA475,3
HF1178_U133P2,CGGA475,CGGA475,3
HF1191_U133P2,CGGA475,CGGA475,3
HF1220_U133P2,CGGA475,CGGA475,3
HF1262_U133P2,CGGA475,CGGA475,3
HF1269_U133P2,CGGA475,CGGA475,3
HF1292_U133P2,CGGA475,CGGA475,3
HF1297_U133P2,CGGA475,CGGA475,3
HF1318_U133P2,CGGA475,CGGA475,3
HF1338_U133P2,CGGA475,CGGA475,3
HF1356_U133P2,CGGA475,CGGA475,3
HF1382_U133P2,CGGA475,CGGA475,3
HF1397_U133P2,CGGA475,CGGA475,3
HF1469_U133P2,CGGA475,CGGA475,3
HF1492_U133P2,CGGA475,CGGA475,3
HF1509_U133P2,CGGA475,CGGA475,3
HF1517_U133P2,CGGA475,CGGA475,3
HF1534_U133P2,CGGA475,CGGA475,3
HF1538_U133P2,CGGA475,CGGA475,3
HF1540_U133P2,CGGA475,CGGA475,3
HF1585_U133P2,CGGA475,CGGA475,3
HF1589_U133P2,CGGA475,CGGA475,3
HF1608_U133P2,CGGA475,CGGA475,3
HF1618_U133P2,CGGA475,CGGA475,3
HF1628_U133P2,CGGA475,CGGA475,3
HF1640_U133P2,CGGA475,CGGA475,3
HF1667_U133P2,CGGA475,CGGA475,3
HF1671_U133P2,CGGA475,CGGA475,3
X548092_U133P2,CGGA475,CGGA475,3
E09212_U133P2,CGGA475,CGGA475,3
E09231_U133P2,CGGA475,CGGA475,3
E09515_U133P2,CGGA475,CGGA475,3
E09531_U133P2,CGGA475,CGGA475,3
E09818_U133P2,CGGA475,CGGA475,3
E09819_U133P2,CGGA475,CGGA475,3
E09892_U133P2,CGGA475,CGGA475,3
E09921_U133P2,CGGA475,CGGA475,3
E09997_U133P2,CGGA475,CGGA475,3
E10103_U133P2,CGGA475,CGGA475,3
E10138_U133P2,CGGA475,CGGA475,3
E10182_U133P2,CGGA475,CGGA475,3
E10192_U133P2,CGGA475,CGGA475,3
E10196_U133P2,CGGA475,CGGA475,3
E10216_U133P2,CGGA475,CGGA475,3
E10248_U133P2,CGGA475,CGGA475,3
E10285_U133P2,CGGA475,CGGA475,3
E10286_U133P2,CGGA475,CGGA475,3
E10299_U133P2,CGGA475,CGGA475,3
E10362_U133P2,CGGA475,CGGA475,3
E10482_U133P2,CGGA475,CGGA475,3
E10540_U133P2,CGGA475,CGGA475,3
E10556_U133P2,CGGA475,CGGA475,3
E10710_U133P2,CGGA475,CGGA475,3
X00518392_U133P2,CGGA475,CGGA475,3
X00641238_U133P2,CGGA475,CGGA475,3
X01074569_U133P2,CGGA475,CGGA475,3
X01113810_U133P2,CGGA475,CGGA475,3
X03184579_U133P2,CGGA475,CGGA475,3
X03272709_U133P2,CGGA475,CGGA475,3
X03352571_U133P2,CGGA475,CGGA475,3
X03418160_U133P2,CGGA475,CGGA475,3
X03425149_U133P2,CGGA475,CGGA475,3
X03431712_U133P2,CGGA475,CGGA475,3
X03431774_U133P2,CGGA475,CGGA475,3
X03434766_U133P2,CGGA475,CGGA475,3
X03439543_U133P2,CGGA475,CGGA475,3
X03441358_U133P2,CGGA475,CGGA475,3
X03444255_U133P2,CGGA475,CGGA475,3
X03448110_U133P2,CGGA475,CGGA475,3
X03448110B_U133P2,CGGA475,CGGA475,3
X03451592_U133P2,CGGA475,CGGA475,3
X03461404_U133P2,CGGA475,CGGA475,3
X03463812_U133P2,CGGA475,CGGA475,3
X03466950_U133P2,CGGA475,CGGA475,3
X03468400_U133P2,CGGA475,CGGA475,3
X03473067_U133P2,CGGA475,CGGA475,3
X03473405_U133P2,CGGA475,CGGA475,3
X03474525_U133P2,CGGA475,CGGA475,3
X03479212_U133P2,CGGA475,CGGA475,3
X03484586_U133P2,CGGA475,CGGA475,3
X03486876_U133P2,CGGA475,CGGA475,3
X621233_U133P2,CGGA475,CGGA475,3
X88295267_U133P2,CGGA475,CGGA475,3
X88375506_U133P2,CGGA475,CGGA475,3
E09139_U133P2,CGGA475,CGGA475,3
E09348_U133P2,CGGA475,CGGA475,3
E09430_U133P2,CGGA475,CGGA475,3
E09454_U133P2,CGGA475,CGGA475,3
E09623_U133P2,CGGA475,CGGA475,3
E09670_U133P2,CGGA475,CGGA475,3
E09846_U133P2,CGGA475,CGGA475,3
E09852_U133P2,CGGA475,CGGA475,3
E09917_U133P2_2,CGGA475,CGGA475,3
E09930_U133P2,CGGA475,CGGA475,3
E09951_U133P2,CGGA475,CGGA475,3
E09956_U133P2,CGGA475,CGGA475,3
E10013_U133P2,CGGA475,CGGA475,3
E10016_U133P2,CGGA475,CGGA475,3
E10026_U133P2,CGGA475,CGGA475,3
E10029_U133P2,CGGA475,CGGA475,3
E10041_U133P2,CGGA475,CGGA475,3
E10077_U133P2,CGGA475,CGGA475,3
E10102_U133P2,CGGA475,CGGA475,3
E10110_U133P2,CGGA475,CGGA475,3
E10140_U133P2,CGGA475,CGGA475,3
E10158_U133P2,CGGA475,CGGA475,3
E10172_U133P2,CGGA475,CGGA475,3
E10184_U133P2,CGGA475,CGGA475,3
E10191_U133P2,CGGA475,CGGA475,3
E10193_U133P2,CGGA475,CGGA475,3
E10203_U133P2,CGGA475,CGGA475,3
E10211_U133P2,CGGA475,CGGA475,3
E10226_U133P2,CGGA475,CGGA475,3
E10227_U133P2,CGGA475,CGGA475,3
E10249_U133P2,CGGA475,CGGA475,3
E10250_U133P2,CGGA475,CGGA475,3
E10252_U133P2,CGGA475,CGGA475,3
E10252B_U133P2,CGGA475,CGGA475,3
E10252C_NT_U133P2,CGGA475,CGGA475,3
E10252C_T_U133P2,CGGA475,CGGA475,3
E10258_U133P2,CGGA475,CGGA475,3
E10262_U133P2,CGGA475,CGGA475,3
E10264_U133P2,CGGA475,CGGA475,3
E10267_U133P2,CGGA475,CGGA475,3
E10271_U133P2,CGGA475,CGGA475,3
E10284_U133P2,CGGA475,CGGA475,3
E10290_U133P2,CGGA475,CGGA475,3
E10292_U133P2,CGGA475,CGGA475,3
E10300_U133P2,CGGA475,CGGA475,3
E10305_U133P2,CGGA475,CGGA475,3
E10306_U133P2,CGGA475,CGGA475,3
E10312_U133P2,CGGA475,CGGA475,3
E10313_U133P2,CGGA475,CGGA475,3
E10318_U133P2,CGGA475,CGGA475,3
E10433_U133P2,CGGA475,CGGA475,3
E10514_U133P2,CGGA475,CGGA475,3
E10551_U133P2,CGGA475,CGGA475,3
E10596_U133P2,CGGA475,CGGA475,3
E10662_U133P2,CGGA475,CGGA475,3
E10662B_U133P2,CGGA475,CGGA475,3
E50057_U133P2,CGGA475,CGGA475,3
E50074_U133P2,CGGA475,CGGA475,3
E50091_U133P2,CGGA475,CGGA475,3
E50123_U133P2_2,CGGA475,CGGA475,3
E09262_U133P2,CGGA475,CGGA475,3
E09289_U133P2,CGGA475,CGGA475,3
E09848_U133P2,CGGA475,CGGA475,3
E10690_U133P2,CGGA475,CGGA475,3
HF0088_U133P2,CGGA475,CGGA475,3
HF0120_U133P2,CGGA475,CGGA475,3
HF0131_U133P2,CGGA475,CGGA475,3
HF0137_U133P2,CGGA475,CGGA475,3
HF0151_U133P2,CGGA475,CGGA475,3
HF0163_U133P2,CGGA475,CGGA475,3
HF0171_U133P2,CGGA475,CGGA475,3
HF0178_U133P2,CGGA475,CGGA475,3
HF0211_U133P2,CGGA475,CGGA475,3
HF0232_U133P2,CGGA475,CGGA475,3
HF0295_U133P2,CGGA475,CGGA475,3
HF0303_U133P2,CGGA475,CGGA475,3
HF0377_U133P2,CGGA475,CGGA475,3
HF0383_U133P2,CGGA475,CGGA475,3
HF0467_U133P2,CGGA475,CGGA475,3
HF0512_U133P2,CGGA475,CGGA475,3
HF0523_U133P2,CGGA475,CGGA475,3
HF0526_U133P2,CGGA475,CGGA475,3
HF0533_U133P2,CGGA475,CGGA475,3
HF0593_U133P2,CGGA475,CGGA475,3
HF0616_U133P2,CGGA475,CGGA475,3
X03433293_U133P2,CGGA475,CGGA475,3
X03437691_U133P2,CGGA475,CGGA475,3
X03450728_U133P2_2,CGGA475,CGGA475,3
X03476542_U133P2,CGGA475,CGGA475,3
E09513_U133P2,CGGA475,CGGA475,3
E09645_U133P2,CGGA475,CGGA475,3
E09664_U133P2,CGGA475,CGGA475,3
E09858_U133P2,CGGA475,CGGA475,3
E10072_U133P2,CGGA475,CGGA475,3
E10097_U133P2,CGGA475,CGGA475,3
E10163_U133P2,CGGA475,CGGA475,3
E10278_U133P2,CGGA475,CGGA475,3
E10470_U133P2,CGGA475,CGGA475,3
E10691_U133P2,CGGA475,CGGA475,3
E10512_U133P2,CGGA475,CGGA475,3
GSM96950,GSE4271,GSE4271,4
GSM96951,GSE4271,GSE4271,4
GSM96952,GSE4271,GSE4271,4
GSM96953,GSE4271,GSE4271,4
GSM96954,GSE4271,GSE4271,4
GSM96955,GSE4271,GSE4271,4
GSM96958,GSE4271,GSE4271,4
GSM96959,GSE4271,GSE4271,4
GSM96961,GSE4271,GSE4271,4
GSM96962,GSE4271,GSE4271,4
GSM96963,GSE4271,GSE4271,4
GSM96964,GSE4271,GSE4271,4
GSM96965,GSE4271,GSE4271,4
GSM96966,GSE4271,GSE4271,4
GSM96967,GSE4271,GSE4271,4
GSM96969,GSE4271,GSE4271,4
GSM96970,GSE4271,GSE4271,4
GSM96972,GSE4271,GSE4271,4
GSM96973,GSE4271,GSE4271,4
GSM96974,GSE4271,GSE4271,4
GSM96976,GSE4271,GSE4271,4
GSM96977,GSE4271,GSE4271,4
GSM96978,GSE4271,GSE4271,4
GSM96979,GSE4271,GSE4271,4
GSM96980,GSE4271,GSE4271,4
GSM96981,GSE4271,GSE4271,4
GSM96982,GSE4271,GSE4271,4
GSM96983,GSE4271,GSE4271,4
GSM96984,GSE4271,GSE4271,4
GSM96985,GSE4271,GSE4271,4
GSM96987,GSE4271,GSE4271,4
GSM96988,GSE4271,GSE4271,4
GSM96989,GSE4271,GSE4271,4
GSM96990,GSE4271,GSE4271,4
GSM96991,GSE4271,GSE4271,4
GSM96992,GSE4271,GSE4271,4
GSM96993,GSE4271,GSE4271,4
GSM96994,GSE4271,GSE4271,4
GSM96995,GSE4271,GSE4271,4
GSM96996,GSE4271,GSE4271,4
GSM96997,GSE4271,GSE4271,4
GSM97000,GSE4271,GSE4271,4
GSM97002,GSE4271,GSE4271,4
GSM97004,GSE4271,GSE4271,4
GSM97007,GSE4271,GSE4271,4
GSM97008,GSE4271,GSE4271,4
GSM97009,GSE4271,GSE4271,4
GSM97010,GSE4271,GSE4271,4
GSM97011,GSE4271,GSE4271,4
GSM97012,GSE4271,GSE4271,4
GSM97014,GSE4271,GSE4271,4
GSM97015,GSE4271,GSE4271,4
GSM97016,GSE4271,GSE4271,4
GSM97017,GSE4271,GSE4271,4
GSM97018,GSE4271,GSE4271,4
GSM97019,GSE4271,GSE4271,4
GSM97020,GSE4271,GSE4271,4
GSM97022,GSE4271,GSE4271,4
GSM97023,GSE4271,GSE4271,4
GSM97025,GSE4271,GSE4271,4
GSM97026,GSE4271,GSE4271,4
GSM97027,GSE4271,GSE4271,4
GSM97030,GSE4271,GSE4271,4
GSM97033,GSE4271,GSE4271,4
GSM97034,GSE4271,GSE4271,4
GSM97035,GSE4271,GSE4271,4
GSM97036,GSE4271,GSE4271,4
GSM97037,GSE4271,GSE4271,4
GSM97038,GSE4271,GSE4271,4
GSM97039,GSE4271,GSE4271,4
GSM97040,GSE4271,GSE4271,4
GSM97041,GSE4271,GSE4271,4
GSM97042,GSE4271,GSE4271,4
GSM97045,GSE4271,GSE4271,4
GSM97046,GSE4271,GSE4271,4
GSM97047,GSE4271,GSE4271,4
GSM97048,GSE4271,GSE4271,4
GSM99432,GSE4412,GSE4412,5
GSM99434,GSE4412,GSE4412,5
GSM99436,GSE4412,GSE4412,5
GSM99438,GSE4412,GSE4412,5
GSM99440,GSE4412,GSE4412,5
GSM99442,GSE4412,GSE4412,5
GSM99444,GSE4412,GSE4412,5
GSM99446,GSE4412,GSE4412,5
GSM99448,GSE4412,GSE4412,5
GSM99450,GSE4412,GSE4412,5
GSM99452,GSE4412,GSE4412,5
GSM99454,GSE4412,GSE4412,5
GSM99456,GSE4412,GSE4412,5
GSM99462,GSE4412,GSE4412,5
GSM99464,GSE4412,GSE4412,5
GSM99466,GSE4412,GSE4412,5
GSM99470,GSE4412,GSE4412,5
GSM99472,GSE4412,GSE4412,5
GSM99474,GSE4412,GSE4412,5
GSM99476,GSE4412,GSE4412,5
GSM99478,GSE4412,GSE4412,5
GSM99480,GSE4412,GSE4412,5
GSM99482,GSE4412,GSE4412,5
GSM99484,GSE4412,GSE4412,5
GSM99486,GSE4412,GSE4412,5
GSM99488,GSE4412,GSE4412,5
GSM99490,GSE4412,GSE4412,5
GSM99492,GSE4412,GSE4412,5
GSM99494,GSE4412,GSE4412,5
GSM99524,GSE4412,GSE4412,5
GSM99526,GSE4412,GSE4412,5
GSM99528,GSE4412,GSE4412,5
GSM99530,GSE4412,GSE4412,5
GSM99532,GSE4412,GSE4412,5
GSM99534,GSE4412,GSE4412,5
GSM99536,GSE4412,GSE4412,5
GSM99538,GSE4412,GSE4412,5
GSM99540,GSE4412,GSE4412,5
GSM99542,GSE4412,GSE4412,5
GSM99544,GSE4412,GSE4412,5
GSM99546,GSE4412,GSE4412,5
GSM99548,GSE4412,GSE4412,5
GSM99550,GSE4412,GSE4412,5
GSM99552,GSE4412,GSE4412,5
GSM99554,GSE4412,GSE4412,5
GSM99556,GSE4412,GSE4412,5
GSM99558,GSE4412,GSE4412,5
GSM99560,GSE4412,GSE4412,5
GSM99562,GSE4412,GSE4412,5
GSM99564,GSE4412,GSE4412,5
GSM99572,GSE4412,GSE4412,5
GSM99576,GSE4412,GSE4412,5
GSM99578,GSE4412,GSE4412,5
GSM99580,GSE4412,GSE4412,5
GSM99582,GSE4412,GSE4412,5
GSM99584,GSE4412,GSE4412,5
GSM99586,GSE4412,GSE4412,5
GSM99588,GSE4412,GSE4412,5
GSM99590,GSE4412,GSE4412,5
GSM1061661,GSE43378,GSE43378,6
GSM1061662,GSE43378,GSE43378,6
GSM1061663,GSE43378,GSE43378,6
GSM1061664,GSE43378,GSE43378,6
GSM1061665,GSE43378,GSE43378,6
GSM1061666,GSE43378,GSE43378,6
GSM1061667,GSE43378,GSE43378,6
GSM1061668,GSE43378,GSE43378,6
GSM1061669,GSE43378,GSE43378,6
GSM1061670,GSE43378,GSE43378,6
GSM1061671,GSE43378,GSE43378,6
GSM1061672,GSE43378,GSE43378,6
GSM1061673,GSE43378,GSE43378,6
GSM1061674,GSE43378,GSE43378,6
GSM1061675,GSE43378,GSE43378,6
GSM1061676,GSE43378,GSE43378,6
GSM1061677,GSE43378,GSE43378,6
GSM1061678,GSE43378,GSE43378,6
GSM1061679,GSE43378,GSE43378,6
GSM1061680,GSE43378,GSE43378,6
GSM1061681,GSE43378,GSE43378,6
GSM1061682,GSE43378,GSE43378,6
GSM1061683,GSE43378,GSE43378,6
GSM1061684,GSE43378,GSE43378,6
GSM1061685,GSE43378,GSE43378,6
GSM1061686,GSE43378,GSE43378,6
GSM1061687,GSE43378,GSE43378,6
GSM1061688,GSE43378,GSE43378,6
GSM1061689,GSE43378,GSE43378,6
GSM1061690,GSE43378,GSE43378,6
GSM1061691,GSE43378,GSE43378,6
GSM1061692,GSE43378,GSE43378,6
GSM1061693,GSE43378,GSE43378,6
GSM1061694,GSE43378,GSE43378,6
GSM1061695,GSE43378,GSE43378,6
GSM1061696,GSE43378,GSE43378,6
GSM1061697,GSE43378,GSE43378,6
GSM1061698,GSE43378,GSE43378,6
GSM1061699,GSE43378,GSE43378,6
GSM1061700,GSE43378,GSE43378,6
GSM1061701,GSE43378,GSE43378,6
GSM1061702,GSE43378,GSE43378,6
GSM1061703,GSE43378,GSE43378,6
GSM1061704,GSE43378,GSE43378,6
GSM1061705,GSE43378,GSE43378,6
GSM1061706,GSE43378,GSE43378,6
GSM1061707,GSE43378,GSE43378,6
GSM1061708,GSE43378,GSE43378,6
GSM1061709,GSE43378,GSE43378,6
GSM1061710,GSE43378,GSE43378,6
GSM187153,GSE7696,GSE7696,7
GSM187154,GSE7696,GSE7696,7
GSM187155,GSE7696,GSE7696,7
GSM187157,GSE7696,GSE7696,7
GSM187158,GSE7696,GSE7696,7
GSM187159,GSE7696,GSE7696,7
GSM187160,GSE7696,GSE7696,7
GSM187161,GSE7696,GSE7696,7
GSM187162,GSE7696,GSE7696,7
GSM187163,GSE7696,GSE7696,7
GSM187164,GSE7696,GSE7696,7
GSM187165,GSE7696,GSE7696,7
GSM187166,GSE7696,GSE7696,7
GSM187167,GSE7696,GSE7696,7
GSM187168,GSE7696,GSE7696,7
GSM187169,GSE7696,GSE7696,7
GSM187171,GSE7696,GSE7696,7
GSM187172,GSE7696,GSE7696,7
GSM187174,GSE7696,GSE7696,7
GSM187175,GSE7696,GSE7696,7
GSM187176,GSE7696,GSE7696,7
GSM187177,GSE7696,GSE7696,7
GSM187178,GSE7696,GSE7696,7
GSM187179,GSE7696,GSE7696,7
GSM187181,GSE7696,GSE7696,7
GSM187182,GSE7696,GSE7696,7
GSM187183,GSE7696,GSE7696,7
GSM187184,GSE7696,GSE7696,7
GSM187185,GSE7696,GSE7696,7
GSM187186,GSE7696,GSE7696,7
GSM187187,GSE7696,GSE7696,7
GSM187188,GSE7696,GSE7696,7
GSM187189,GSE7696,GSE7696,7
GSM187190,GSE7696,GSE7696,7
GSM187191,GSE7696,GSE7696,7
GSM187192,GSE7696,GSE7696,7
GSM187193,GSE7696,GSE7696,7
GSM187194,GSE7696,GSE7696,7
GSM187195,GSE7696,GSE7696,7
GSM187196,GSE7696,GSE7696,7
GSM187197,GSE7696,GSE7696,7
GSM187198,GSE7696,GSE7696,7
GSM187199,GSE7696,GSE7696,7
GSM187200,GSE7696,GSE7696,7
GSM187201,GSE7696,GSE7696,7
GSM187202,GSE7696,GSE7696,7
GSM187203,GSE7696,GSE7696,7
GSM187204,GSE7696,GSE7696,7
GSM187205,GSE7696,GSE7696,7
GSM187206,GSE7696,GSE7696,7
GSM187207,GSE7696,GSE7696,7
GSM187208,GSE7696,GSE7696,7
GSM187209,GSE7696,GSE7696,7
GSM187210,GSE7696,GSE7696,7
GSM187211,GSE7696,GSE7696,7
GSM187212,GSE7696,GSE7696,7
GSM187213,GSE7696,GSE7696,7
GSM187214,GSE7696,GSE7696,7
GSM187215,GSE7696,GSE7696,7
GSM187216,GSE7696,GSE7696,7
GSM187217,GSE7696,GSE7696,7
GSM187218,GSE7696,GSE7696,7
GSM187219,GSE7696,GSE7696,7
GSM187220,GSE7696,GSE7696,7
GSM187221,GSE7696,GSE7696,7
GSM187222,GSE7696,GSE7696,7
GSM187223,GSE7696,GSE7696,7
GSM187224,GSE7696,GSE7696,7
GSM187225,GSE7696,GSE7696,7
GSM187226,GSE7696,GSE7696,7
GSM187227,GSE7696,GSE7696,7
GSM187228,GSE7696,GSE7696,7
GSM187229,GSE7696,GSE7696,7
GSM187230,GSE7696,GSE7696,7
GSM187231,GSE7696,GSE7696,7
GSM187232,GSE7696,GSE7696,7
GSM187233,GSE7696,GSE7696,7
GSM187234,GSE7696,GSE7696,7
GSM187235,GSE7696,GSE7696,7
GSM187236,GSE7696,GSE7696,7
GSM1912920,GSE74187,GSE74187,8
GSM1912921,GSE74187,GSE74187,8
GSM1912922,GSE74187,GSE74187,8
GSM1912923,GSE74187,GSE74187,8
GSM1912924,GSE74187,GSE74187,8
GSM1912925,GSE74187,GSE74187,8
GSM1912926,GSE74187,GSE74187,8
GSM1912927,GSE74187,GSE74187,8
GSM1912928,GSE74187,GSE74187,8
GSM1912929,GSE74187,GSE74187,8
GSM1912930,GSE74187,GSE74187,8
GSM1912931,GSE74187,GSE74187,8
GSM1912932,GSE74187,GSE74187,8
GSM1912933,GSE74187,GSE74187,8
GSM1912934,GSE74187,GSE74187,8
GSM1912935,GSE74187,GSE74187,8
GSM1912936,GSE74187,GSE74187,8
GSM1912937,GSE74187,GSE74187,8
GSM1912938,GSE74187,GSE74187,8
GSM1912939,GSE74187,GSE74187,8
GSM1912940,GSE74187,GSE74187,8
GSM1912941,GSE74187,GSE74187,8
GSM1912942,GSE74187,GSE74187,8
GSM1912943,GSE74187,GSE74187,8
GSM1912944,GSE74187,GSE74187,8
GSM1912945,GSE74187,GSE74187,8
GSM1912946,GSE74187,GSE74187,8
GSM1912947,GSE74187,GSE74187,8
GSM1912948,GSE74187,GSE74187,8
GSM1912949,GSE74187,GSE74187,8
GSM1912950,GSE74187,GSE74187,8
GSM1912951,GSE74187,GSE74187,8
GSM1912952,GSE74187,GSE74187,8
GSM1912953,GSE74187,GSE74187,8
GSM1912954,GSE74187,GSE74187,8
GSM1912955,GSE74187,GSE74187,8
GSM1912956,GSE74187,GSE74187,8
GSM1912957,GSE74187,GSE74187,8
GSM1912958,GSE74187,GSE74187,8
GSM1912959,GSE74187,GSE74187,8
GSM1912960,GSE74187,GSE74187,8
GSM1912961,GSE74187,GSE74187,8
GSM1912962,GSE74187,GSE74187,8
GSM1912963,GSE74187,GSE74187,8
GSM1912964,GSE74187,GSE74187,8
GSM1912965,GSE74187,GSE74187,8
GSM1912966,GSE74187,GSE74187,8
GSM1912967,GSE74187,GSE74187,8
GSM1912968,GSE74187,GSE74187,8
GSM1912969,GSE74187,GSE74187,8
GSM1912970,GSE74187,GSE74187,8
GSM1912971,GSE74187,GSE74187,8
GSM1912972,GSE74187,GSE74187,8
GSM1912973,GSE74187,GSE74187,8
GSM1912974,GSE74187,GSE74187,8
GSM1912975,GSE74187,GSE74187,8
GSM1912976,GSE74187,GSE74187,8
GSM1912977,GSE74187,GSE74187,8
GSM1912978,GSE74187,GSE74187,8
GSM1912979,GSE74187,GSE74187,8
GSM2198606,GSE83300,GSE83300,9
GSM2198607,GSE83300,GSE83300,9
GSM2198608,GSE83300,GSE83300,9
GSM2198609,GSE83300,GSE83300,9
GSM2198610,GSE83300,GSE83300,9
GSM2198611,GSE83300,GSE83300,9
GSM2198612,GSE83300,GSE83300,9
GSM2198613,GSE83300,GSE83300,9
GSM2198614,GSE83300,GSE83300,9
GSM2198615,GSE83300,GSE83300,9
GSM2198616,GSE83300,GSE83300,9
GSM2198617,GSE83300,GSE83300,9
GSM2198618,GSE83300,GSE83300,9
GSM2198619,GSE83300,GSE83300,9
GSM2198620,GSE83300,GSE83300,9
GSM2198621,GSE83300,GSE83300,9
GSM2198622,GSE83300,GSE83300,9
GSM2198623,GSE83300,GSE83300,9
GSM2198624,GSE83300,GSE83300,9
GSM2198625,GSE83300,GSE83300,9
GSM2198626,GSE83300,GSE83300,9
GSM2198627,GSE83300,GSE83300,9
GSM2198628,GSE83300,GSE83300,9
GSM2198629,GSE83300,GSE83300,9
GSM2198630,GSE83300,GSE83300,9
GSM2198631,GSE83300,GSE83300,9
GSM2198632,GSE83300,GSE83300,9
GSM2198633,GSE83300,GSE83300,9
GSM2198634,GSE83300,GSE83300,9
GSM2198635,GSE83300,GSE83300,9
GSM2198636,GSE83300,GSE83300,9
GSM2198637,GSE83300,GSE83300,9
GSM2198638,GSE83300,GSE83300,9
GSM2198639,GSE83300,GSE83300,9
GSM2198640,GSE83300,GSE83300,9
GSM2198641,GSE83300,GSE83300,9
GSM2198642,GSE83300,GSE83300,9
GSM2198643,GSE83300,GSE83300,9
GSM2198644,GSE83300,GSE83300,9
GSM2198645,GSE83300,GSE83300,9
GSM2198646,GSE83300,GSE83300,9
GSM2198647,GSE83300,GSE83300,9
GSM2198648,GSE83300,GSE83300,9
GSM2198649,GSE83300,GSE83300,9
GSM2198650,GSE83300,GSE83300,9
GSM2198651,GSE83300,GSE83300,9
GSM2198652,GSE83300,GSE83300,9
GSM2198653,GSE83300,GSE83300,9
GSM2198654,GSE83300,GSE83300,9
GSM2198655,GSE83300,GSE83300,9
